,name,id,address_name,price_limit,Европейская кухня,Паназиатская кухня,Русская кухня,Американская кухня,Грузинская кухня,Постное меню,Вегетарианское меню,Cuisine,price_limit,office_time,reviews_general_rating,reviews_general_review_count
0,"True Meat, мясной ресторан",70000001062607100,"Киевская, 5 к3",2000.0,1,0,0,0,0,0,0,Европейская кухня; Авторская кухня,2000.0,1.35,4.0,61.0
1,"Umami, ресторан паназиатской кухни",70000001041700085,"Киевская, 3",1500.0,0,1,0,0,0,0,0,Паназиатская кухня,1500.0,2.46,3.6,190.0
2,"Империал, кафе-ресторан",5348552841707409,"Смоленская, 1",1300.0,1,1,0,0,1,1,0,Европейская кухня; Японская кухня; Кавказская кухня,1300.0,3.85,4.6,148.0
3,"Peperoni, итальянский ресторан",70000001044123489,"Смоленская, 10",1200.0,1,0,0,0,0,0,0,Европейская кухня; Итальянская кухня,1200.0,4.01,4.6,289.0
4,"Manneken pis, бельгийский бар-ресторан",70000001037484456,"Московский проспект, 73 к3 лит А",1300.0,1,0,0,0,0,0,0,Европейская кухня; Средиземноморская кухня,1300.0,4.93,4.1,53.0
5,"The kitchen, ресторан",5348553838508619,"Московский проспект, 73",1500.0,1,0,0,0,1,0,0,Грузинская кухня,1500.0,6.79,3.6,116.0
6,"Cocos Lounge, лаундж-бар",70000001064302309,"Парфёновская, 14 к1",3000.0,1,1,0,0,0,0,0,Европейская кухня; Паназиатская кухня; Итальянская кухня,3000.0,8.53,4.9,297.0
7,"Yujin, ресторан",70000001047532423,"Парфёновская, 11 к1",1500.0,0,1,0,0,0,0,0,Японская кухня; Паназиатская кухня; Азиатская кухня; Китайская кухня,1500.0,8.89,4.5,99.0
8,Armonia gastrobar,70000001078828281,"Парфёновская, 9 к2",1500.0,1,0,0,0,1,0,0,Европейская кухня; Авторская кухня; Армянская кухня,1500.0,11.13,4.0,14.0
9,"Чито Гврито, ресторан грузинской кухни",5348552839177045,"Московский проспект, 61",800.0,1,0,0,0,1,0,0,Грузинская кухня,800.0,11.53,2.9,172.0
10,"Korovabar, ресторан",5348552838481120,"Московский проспект, 97 лит А",2000.0,1,0,1,0,0,0,0,Европейская кухня; Русская кухня,2000.0,11.78,2.9,46.0
11,"Милано, ресторан",5348552840229785,"Московский проспект, 97 лит А",1200.0,1,0,0,0,0,0,0,Итальянская кухня,1200.0,11.78,3.6,4.0
12,"Чайхона, ресторан",70000001091635999,"набережная Обводного канала, 118 лит С",1500.0,0,1,0,0,0,0,0,Восточная кухня,1500.0,12.34,3.5,66.0
13,"Yujin, ресторан",70000001066228323,"набережная Обводного канала, 118 лит С",800.0,0,1,0,0,0,0,0,Японская кухня; Паназиатская кухня; Азиатская кухня,800.0,12.59,2.7,40.0
14,"Pinzeria by bontempi, ресторан",70000001066228298,"набережная Обводного канала, 118 лит С",900.0,1,0,0,0,0,0,0,Итальянская кухня,900.0,12.62,4.5,164.0
15,"Buana Cafe, ресторан",70000001090087896,"набережная Обводного канала, 118 лит С",1800.0,1,0,0,0,0,0,0,Европейская кухня,1800.0,12.78,4.7,38.0
16,Avenue 55,70000001050842768,"Московский проспект, 55",1000.0,1,0,1,0,0,0,0,Европейская кухня; Русская кухня; Итальянская кухня,1000.0,12.86,4.7,319.0
17,"Мисо, ресторан",5348552839930470,"Московский проспект, 48",700.0,0,1,0,0,0,1,0,Азиатская кухня,700.0,13.28,4.3,214.0
18,"Сациви, ресторан грузинской кухни",70000001007236099,"Малодетскосельский проспект, 30",700.0,1,0,0,0,1,0,0,Европейская кухня; Грузинская кухня,700.0,13.58,4.6,99.0
19,"Токио-City, городские рестораны",70000001077228846,"набережная Обводного канала, 118 лит С",900.0,0,1,0,0,0,0,0,Японская кухня,900.0,13.6,4.6,272.0
20,Таверна Греческой кухни,70000001069912122,"7-я Красноармейская улица, 5 лит А",1200.0,1,0,0,0,0,0,0,Средиземноморская кухня; Греческая кухня,1200.0,14.29,4.9,67.0
21,"Crazy hunter, мясной ресторан",70000001006747776,"Расстанная, 2 к1",1500.0,1,0,1,0,0,1,0,Европейская кухня; Русская кухня,1500.0,14.51,4.5,21.0
22,"Cosmos St.Petersburg Olympia Garden, ресторан европейской кухни",5348552838479880,"Батайский переулок, 3а",1300.0,1,0,0,0,0,0,0,Европейская кухня,1300.0,15.9,3.7,6.0
23,"Itameshi, ресторан",70000001092556586,"Ташкентская, 6 к2",2500.0,1,1,0,0,0,0,0,Авторская кухня; Итальянская кухня; Азиатская кухня,2500.0,16.11,4.9,16.0
24,"Оджахури, ресторан грузинской кухни",70000001027419809,"7-я Красноармейская улица, 28-30",1200.0,1,0,0,0,1,1,0,Грузинская кухня,1200.0,16.19,4.6,231.0
25,"Руки ВВерх!, бар",70000001062548514,"Московский проспект, 111",3000.0,1,0,1,1,0,0,0,Европейская кухня; Русская кухня; Американская кухня,3000.0,17.56,4.4,453.0
26,"Sahara, ресторан",70000001055671097,"Прилукская, 15",600.0,1,1,0,0,0,0,0,Европейская кухня; Арабская кухня,600.0,18.28,4.0,25.0
27,"Персоны, ресторан",70000001032288201,"Измайловский проспект, 17",1500.0,1,0,0,0,0,1,0,Европейская кухня; Авторская кухня,1500.0,18.29,4.6,60.0
28,"По бокалам, ресторан",70000001025632279,"Клинский проспект, 9",1500.0,1,0,0,0,1,0,0,Европейская кухня; Кавказская кухня,1500.0,18.84,4.6,171.0
29,"Чуань Сян, ресторан",70000001021159717,"Лиговский проспект, 215",600.0,0,1,0,0,0,0,0,Китайская кухня,600.0,19.34,4.2,46.0
30,"Beer House, сеть баров",5348552841469385,"Бронницкая, 4",1200.0,1,0,0,0,0,1,0,Европейская кухня,1200.0,20.04,4.2,147.0
31,"Кон-коронель, кафе-ресторан",5348552838779181,"Шкапина, 10",1000.0,1,0,1,0,1,0,0,Русская кухня; Армянская кухня; Грузинская кухня,1000.0,20.07,2.7,14.0
32,"See Asia, ресторан азиатской кухни",70000001041820075,"Лиговский проспект, 174",1700.0,0,1,0,0,0,0,0,Китайская кухня,1700.0,20.58,4.4,113.0
33,"The Lark, гастробар",70000001062635304,"Подъездной переулок, 13",1200.0,1,0,0,0,0,0,0,Европейская кухня,1200.0,21.67,5.0,14.0
34,"Галата, ресторан турецкой кухни",5348552838581035,"Лиговский проспект, 162",1500.0,1,1,0,0,0,0,0,Восточная кухня; Халяльная кухня; Турецкая кухня,1500.0,21.79,4.7,639.0
35,"Евразия, рестораны японской и европейской кухни",5348553838863484,"Загородный проспект, 64",1500.0,1,1,0,0,0,1,0,Европейская кухня; Азиатская кухня,1500.0,21.99,4.5,507.0
36,"Город 812, ресторан",70000001090535920,"Державинский переулок, 5 лит Б",500.0,1,1,0,0,0,0,0,Европейская кухня; Восточная кухня; Итальянская кухня,500.0,22.23,4.6,1049.0
37,"Нептун, ресторан",5348552838480706,"набережная Обводного канала, 93а",1000.0,1,0,1,0,0,0,0,Европейская кухня; Русская кухня,1000.0,22.38,5.0,6.0
38,"Nok, ресторан",70000001032474244,"набережная Обводного канала, 130",2500.0,1,0,0,0,0,0,0,Европейская кухня,2500.0,23.05,4.4,16.0
39,"Сытинъ, ресторан",5348552838586051,"Измайловский проспект, 2",1500.0,1,0,1,0,0,0,0,Русская кухня,1500.0,24.1,3.6,31.0
40,"Rozenshteyn, ресторан",70000001057891693,"Розенштейна, 36",1200.0,1,0,0,0,0,0,0,Европейская кухня,1200.0,24.29,4.5,24.0
41,Ofris,70000001096914541,"Измайловский проспект, 5",1600.0,1,0,0,0,1,0,0,Европейская кухня; Авторская кухня; Кавказская кухня,1600.0,24.3,5.0,6.0
42,"Аригато, суши-бар",5348552839783873,"улица Марата, 86",700.0,1,1,0,0,0,0,0,Европейская кухня; Японская кухня; Паназиатская кухня,700.0,24.69,3.9,310.0
43,"Авеню, ресторан",5348552838481111,"Лермонтовский проспект, 43/1",1050.0,1,0,0,0,0,0,0,Европейская кухня,1050.0,25.31,5.0,1.0
44,"F11 sky bar&restaurant, панорамный ресторан",70000001045353237,"Лермонтовский проспект, 43/1",3000.0,0,0,0,0,0,0,0,Авторская кухня,3000.0,25.31,4.3,219.0
45,"Баязет, ресторан восточной кухни",70000001018594295,"набережная реки Фонтанки, 112",1500.0,0,1,0,0,0,1,0,Восточная кухня,1500.0,25.63,4.7,122.0
46,"Dickens, английский паб",5348552838481358,"набережная реки Фонтанки, 108",1500.0,1,0,0,0,0,0,0,Европейская кухня,1500.0,26.6,4.5,194.0
47,"Чито Гврито, ресторан грузинской кухни",70000001021181319,"Загородный проспект, 41-43",800.0,1,0,0,0,1,0,0,Грузинская кухня,800.0,27.0,3.9,109.0
48,"Tequila-boom, легендарный мексиканский ресторан",5348552838545691,"Вознесенский проспект, 57",1500.0,0,0,0,1,0,1,0,Мексиканская кухня,1500.0,26.55,4.7,217.0
49,"Asiatiq, рамен-бар",70000001033727457,"Вознесенский проспект, 57",900.0,0,1,0,0,0,0,0,Японская кухня; Азиатская кухня,900.0,26.85,4.5,391.0
50,"Le Glamour, ресторан",5348552838480675,"Вознесенский проспект, 44-46",2500.0,1,0,1,0,0,0,0,Европейская кухня; Русская кухня; Авторская кухня,2500.0,26.97,4.5,19.0
51,"Чебуречная Салхино, ресторан грузинской кухни",70000001039283589,"Вознесенский проспект, 55",1500.0,1,0,0,0,1,1,0,Грузинская кухня,1500.0,27.17,3.9,73.0
52,"Мангал и гриль, ресторан",70000001032252285,"набережная реки Фонтанки, 92",900.0,1,0,0,0,1,1,0,Европейская кухня; Азербайджанская кухня; Грузинская кухня,900.0,30.19,3.5,103.0
53,"Feromon Group, лаундж-бар",70000001035994827,"Ефимова, 3 лит Ж",1200.0,1,1,0,0,0,1,0,Европейская кухня; Паназиатская кухня; Итальянская кухня,1200.0,30.75,4.9,726.0
54,"Бакинский дворик, ресторан",5348552838550590,"Гороховая, 52",1500.0,1,0,0,0,1,1,0,Европейская кухня; Кавказская кухня; Азербайджанская кухня,1500.0,30.5,4.3,73.0
55,"Porto Maltese, ресторан",70000001007443517,"набережная реки Фонтанки, 81",3000.0,1,0,0,0,0,0,0,Средиземноморская кухня,3000.0,31.97,4.0,26.0
56,"Kwakinn, паб",70000001006491202,"Звенигородская улица, 2",1000.0,1,0,0,0,0,0,0,Европейская кухня,1000.0,29.56,4.1,139.0
57,"Mama roma, ресторан итальянской кухни",70000001044733101,"Гороховая, 50",1000.0,1,0,0,0,0,0,0,Итальянская кухня,1000.0,32.11,4.6,703.0
58,"Тан Жен, ресторан китайской кухни",5348552838534900,"Гороховая, 48",1000.0,0,1,0,0,0,0,0,Китайская кухня,1000.0,32.64,3.8,272.0
59,"Eat Me, ресторан",70000001079581911,"Гороховая, 49 лит Б",1600.0,1,0,0,0,0,0,0,Европейская кухня; Французская кухня; Авторская кухня,1600.0,32.72,4.7,45.0
60,"По-домашнему, ресторан",70000001083025786,"Гороховая, 49 лит Б",1200.0,0,0,0,0,0,0,0,Домашняя кухня,1200.0,32.93,4.8,122.0
61,"Guggenheim, бар",70000001063538532,"Гороховая, 49 лит Б",1200.0,1,0,0,0,0,0,0,Европейская кухня; Итальянская кухня,1200.0,33.01,4.3,90.0
62,"Евразия, рестораны японской и европейской кухни",70000001034778215,"Ефимова, 2",1200.0,1,1,0,0,0,1,0,Европейская кухня; Азиатская кухня,1200.0,32.91,4.6,1927.0
63,"Ganesha, ресторан индийской и ланкийской кухни",70000001056082026,"Садовая улица, 42",800.0,0,1,0,0,0,0,0,Восточная кухня; Индийская кухня,800.0,32.47,4.9,223.0
64,"Мычара. Огонь и мясо, мясной ресторан",70000001081530751,"Гороховая, 49 лит Б",1100.0,1,0,0,0,0,0,0,Европейская кухня,1100.0,33.15,4.7,110.0
65,Кофейня №1,70000001029876915,"Садовая улица, 44",800.0,1,0,0,0,0,1,0,Европейская кухня,800.0,32.16,4.5,659.0
66,"Чито Гврито, ресторан грузинской кухни",70000001039589147,"Гороховая, 53",800.0,1,0,0,0,1,0,0,Грузинская кухня,800.0,33.24,3.4,163.0
67,"Asteria, ресторан",70000001064917345,"набережная реки Фонтанки, 71",500.0,1,0,0,0,0,1,0,Европейская кухня,500.0,32.98,1.5,2.0
68,"Mekong, ресторан",70000001050835066,"Садовая улица, 42",1700.0,0,1,0,0,0,0,0,Тайская кухня; Паназиатская кухня; Китайская кухня,1700.0,32.65,4.8,260.0
69,"Perbacco, итальянский рестобар",70000001034475531,"Садовая улица, 51",1200.0,1,0,0,0,0,0,0,Итальянская кухня,1200.0,30.95,4.5,90.0
70,"Пицца у рояля, пиццерия",5348552838529743,"Садовая улица, 53",1500.0,1,0,0,0,0,0,0,Итальянская кухня,1500.0,30.62,4.2,78.0
71,La Piada,70000001064251576,"Садовая улица, 53",1500.0,1,0,0,0,0,0,0,Авторская кухня; Итальянская кухня,1500.0,30.6,4.7,66.0
72,"Азалия, ресторан",5348552839896794,"проспект Римского-Корсакова, 1",600.0,1,0,0,0,1,0,0,Грузинская кухня,600.0,31.41,4.1,63.0
73,"Grill Station, мясной ресторан",70000001025846726,"Московский проспект, 139 к1",2000.0,1,0,0,0,0,0,0,Европейская кухня,2000.0,29.04,4.2,109.0
74,Nuahule,70000001090130326,"Московский проспект, 139 к2",1600.0,1,0,0,0,0,0,0,Европейская кухня,1600.0,29.59,5.0,44.0
75,"Гент. Original Belgian, паб",70000001028275676,"Московский проспект, 139 к1",2000.0,1,0,0,0,0,0,0,Европейская кухня,2000.0,29.79,4.3,109.0
76,"Vino grad, ресторан",70000001032672955,"Московский проспект, 139 к2",1500.0,1,0,0,0,1,1,0,Грузинская кухня,1500.0,29.88,3.2,27.0
77,"Дети на кухне, семейный ресторан и кулинарная школа",70000001067400373,"Решетникова, 12",1200.0,1,1,1,0,0,0,0,Европейская кухня; Русская кухня; Японская кухня,1200.0,30.09,4.6,41.0
78,"Мамамиа, итальянская траттория",70000001038472589,"Варшавская улица, 6 к2",1000.0,1,0,0,0,0,1,0,Итальянская кухня,1000.0,30.53,4.4,53.0
79,"Чито Гврито, ресторан грузинской кухни",70000001017313924,"Московский проспект, 145 лит А",800.0,1,0,0,0,1,0,0,Грузинская кухня,800.0,32.78,3.7,53.0
80,"Евразия, рестораны японской и европейской кухни",5348552838746666,"Московский проспект, 145",1500.0,1,1,0,0,0,1,0,Европейская кухня; Азиатская кухня,1500.0,32.91,4.4,422.0
81,"Империал, кафе-ресторан",70000001007532953,"Московский проспект, 176",1200.0,1,1,0,0,1,1,0,Европейская кухня; Японская кухня; Кавказская кухня,1200.0,33.53,4.5,73.0
82,"Vino di Vino, итальянский ресторан",5348553838694158,"Московский проспект, 182",2000.0,1,0,0,0,0,0,0,Итальянская кухня,2000.0,34.9,4.8,40.0
83,"Чито Гврито, ресторан грузинской кухни",70000001041964165,"Благодатная улица, 16",800.0,1,0,0,0,1,0,0,Грузинская кухня,800.0,34.94,3.7,70.0
84,"Соус, ресторан",70000001061286680,"Благодатная улица, 10 ст1 к3",1500.0,1,0,1,0,0,0,0,Русская кухня,1500.0,34.95,3.3,23.0
85,"Фаворит, ресторан",5348552838580102,"проспект Юрия Гагарина, 1",600.0,1,0,1,0,0,1,0,Европейская кухня; Русская кухня,600.0,36.71,3.0,2.0
86,"Chang, ресторан авторской паназиатской кухни",70000001044602257,"Московский проспект, 186",2500.0,0,1,0,0,0,0,0,Азиатская кухня,2500.0,38.71,4.7,239.0
87,"Mozzarella bar, итальянская траттория",5348552838481684,"Московский проспект, 153",1500.0,1,1,0,0,0,0,0,Японская кухня; Итальянская кухня; Азиатская кухня,1500.0,38.87,4.1,42.0
88,"Чито Гврито, ресторан грузинской кухни",70000001007446215,"Кузнецовская, 38",800.0,1,0,0,0,1,0,0,Грузинская кухня,800.0,39.75,2.9,73.0
89,"Евразия, рестораны японской и европейской кухни",5348552838746667,"Московский проспект, 157",1500.0,1,1,0,0,0,1,0,Европейская кухня; Азиатская кухня,1500.0,41.49,4.0,188.0
90,"ПхалиХинкали, ресторан грузинской кухни",70000001035684248,"Кузнецовская, 22",1350.0,1,0,0,0,1,0,0,Грузинская кухня,1350.0,41.0,4.4,296.0
91,"Кореана, ресторан корейской кухни",70000001096438156,"Варшавская улица, 23 к1",900.0,0,1,0,0,0,0,0,Корейская кухня,900.0,42.33,4.7,683.0
92,"Хаочи, ресторан китайской кухни",70000001076248134,"Кузнецовская, 11",800.0,0,1,0,0,0,0,0,Восточная кухня,800.0,42.37,3.7,51.0
93,"Italy, ресторан",5348552841830696,"площадь Чернышевского, 11",2500.0,1,1,0,0,0,0,0,Европейская кухня; Японская кухня; Итальянская кухня,2500.0,43.91,4.5,251.0
94,"Моя история, рестобар",70000001007411019,"площадь Чернышевского, 2",1000.0,1,1,0,0,0,1,0,Европейская кухня; Восточная кухня,1000.0,44.48,4.3,54.0
95,"Mojo, ресторан азиатской кухни",5348552838560186,"площадь Чернышевского, 11",2000.0,1,1,0,0,0,0,0,Европейская кухня; Японская кухня,2000.0,44.62,4.4,205.0
96,"Чабрец, ресторан",5348552840390515,"Московский проспект, 161",2000.0,1,1,0,0,0,1,0,Европейская кухня; Восточная кухня; Японская кухня,2000.0,45.23,4.7,174.0
97,"Фермер, ресторан",70000001074426386,"Варшавская улица, 23 к4",600.0,1,1,0,0,0,1,0,Европейская кухня; Восточная кухня,600.0,45.04,4.3,43.0
98,"Чито Гврито, ресторан грузинской кухни",70000001023165370,"Варшавская улица, 44а",1000.0,1,0,0,0,1,0,0,Грузинская кухня,1000.0,46.12,4.2,110.0
99,"Beer House, сеть баров",5348552840384814,"Варшавская улица, 23 к3",1200.0,1,0,0,0,0,1,0,Европейская кухня,1200.0,47.76,4.5,130.0
100,"Стейк давай, ресторан",70000001031982411,"Фучика, 2 лит А",1200.0,1,0,0,1,0,0,0,Американская кухня; Европейская кухня,1200.0,41.0,4.2,179.0
101,"Евразия, рестораны японской и европейской кухни",5348553838861885,"Фучика, 2 лит А",1200.0,1,1,0,0,0,1,0,Европейская кухня; Азиатская кухня,1200.0,42.86,4.5,208.0
102,"Чито Гврито, ресторан грузинской кухни",5348552839177044,"Бассейная улица, 37",800.0,1,0,0,0,1,0,0,Грузинская кухня,800.0,49.76,3.6,58.0
103,"Che-dor, ресторан с сербским грилем и морепродуктами",70000001022665604,"Московский проспект, 192-194",2500.0,1,0,0,0,0,0,0,Европейская кухня; Сербская кухня; Средиземноморская кухня,2500.0,50.09,4.7,211.0
104,"Тан Жен, ресторан китайской кухни",70000001050208823,"набережная Обводного канала, 46 лит А",800.0,0,1,0,0,0,0,0,Китайская кухня,800.0,26.03,3.8,79.0
105,"Верона, ресторан",70000001060169133,"набережная Обводного канала, 59",1500.0,1,0,1,0,0,0,0,Европейская кухня; Русская кухня; Итальянская кухня,1500.0,28.32,4.1,8.0
106,"Квартира №162, уютный ресторан",70000001017392947,"Лиговский проспект, 123а",1000.0,1,0,1,0,0,0,0,Европейская кухня; Русская кухня; Авторская кухня,1000.0,29.22,4.1,93.0
107,"Cocos Lounge, лаундж-бар",70000001053625865,"Социалистическая улица, 21",3000.0,1,1,0,0,0,0,0,Европейская кухня; Паназиатская кухня; Итальянская кухня,3000.0,28.51,4.9,150.0
108,"Uva, ресторан итальянской домашней кухни",70000001062732715,"Социалистическая улица, 21",1500.0,1,0,0,0,0,0,0,Итальянская кухня,1500.0,29.19,4.4,153.0
109,"Чито Гврито, ресторан грузинской кухни",70000001094745706,"Боровая, 11-13",800.0,1,0,0,0,1,0,0,Грузинская кухня,800.0,29.98,3.5,2.0
110,"Palma, ресторан",70000001044373542,"улица Салова, 61",1000.0,1,1,0,0,0,1,0,Европейская кухня; Итальянская кухня; Азиатская кухня,1000.0,37.67,3.6,224.0
111,"Wine. Talks. Food, винный бар",70000001075592945,"улица Салова, 61",1700.0,1,0,0,0,0,0,0,Европейская кухня; Авторская кухня,1700.0,37.53,4.9,49.0
112,"Grasseria breakfast bar, ресторан",70000001045737249,"улица Салова, 61",1200.0,1,0,0,0,0,0,0,Европейская кухня; Авторская кухня,1200.0,37.37,4.7,90.0
113,"Garage, гастропаб",70000001066466919,"Бухарестская улица, 30",1000.0,1,0,0,1,0,0,0,Американская кухня; Европейская кухня,1000.0,39.1,4.9,30.0
114,"Киселёк, семейный ресторан",70000001060424615,"Бухарестская улица, 30",800.0,1,0,0,0,0,0,0,Европейская кухня,800.0,39.95,4.3,66.0
115,"Liman, кафе",70000001025415302,"улица Марата, 67",1000.0,1,0,0,0,0,0,0,Итальянская кухня,1000.0,29.56,4.3,210.0
116,"Токио-City, городские рестораны",70000001035295672,"Бухарестская улица, 30",900.0,0,1,0,0,0,1,0,Японская кухня; Азиатская кухня; Корейская кухня,900.0,40.84,4.5,524.0
117,"Паскаль, ресторан",70000001007420016,"Разъезжая, 38",1200.0,1,0,1,0,0,0,0,Европейская кухня; Русская кухня,1200.0,33.48,4.8,82.0
118,"Брассери терраса, бар",70000001089291723,"Разъезжая, 38",1200.0,1,0,1,0,0,0,0,Европейская кухня; Русская кухня,1200.0,33.48,5.0,22.0
119,"Добрый Грузин, сеть ресторанов",70000001076218289,"улица Марата, 55/5",800.0,1,0,0,0,1,0,0,Европейская кухня; Грузинская кухня,800.0,31.83,4.6,125.0
120,"La perla, рыбный ресторан от Игоря Мельцера",5348552838496888,"улица Марата, 54/34",2500.0,1,0,0,0,0,0,0,Французская кухня; Средиземноморская кухня,2500.0,33.5,3.7,51.0
121,"Евразия, рестораны японской и европейской кухни",5348552838746662,"Лиговский проспект, 93",1500.0,1,1,0,0,0,1,0,Европейская кухня; Азиатская кухня,1500.0,35.81,4.4,521.0
122,"Вагон-ресторан, кафе",70000001043383696,"Библиотечный переулок, 4 к2 ст1",660.0,1,1,0,0,0,0,0,Европейская кухня; Итальянская кухня; Азиатская кухня,660.0,18.25,3.7,31.0
123,"Амарант, ресторан",70000001019629917,"набережная Обводного канала, 193",800.0,0,0,0,0,1,0,0,Дагестанская кухня,800.0,26.56,3.8,31.0
124,"Кореана, ресторан корейской кухни",70000001096438611,"Рижский проспект, 3Б",1500.0,0,1,0,0,0,0,0,Корейская кухня,1500.0,25.43,4.8,124.0
125,"Саджива дрим, семейный ресторан",70000001087643765,"Лермонтовский проспект, 30",1200.0,1,1,0,0,0,1,0,Европейская кухня; Авторская кухня; Паназиатская кухня,1200.0,27.72,4.7,108.0
126,"Mr. Pinky, ресторан",70000001049501835,"Люблинский переулок, 9",3000.0,0,0,0,0,0,0,0,Авторская кухня,3000.0,29.83,4.3,24.0
127,"Токио-City, городские рестораны",70000001037680201,"площадь Стачек, 9",900.0,0,1,0,0,0,0,0,Японская кухня,900.0,33.87,4.8,657.0
128,"La Familia, ресторан",70000001035192929,"набережная Крюкова канала, 27",2500.0,1,0,1,0,0,0,0,Европейская кухня; Русская кухня,2500.0,28.09,4.1,45.0
129,"МаккоЛи Barbecue , ​ресторан корейской кухни",70000001020944575,"Старо-Петергофский проспект, 27а",1500.0,0,1,0,0,0,0,0,Корейская кухня,1500.0,34.08,4.6,138.0
130,"Цзао Ван, китайский ресторан",5348552838535219,"Перекопская, 5",1200.0,0,1,0,0,0,0,0,Китайская кухня,1200.0,35.11,4.2,143.0
131,"Свет Востока, ресторан",5348552838537762,"Курляндская, 36-38",1500.0,0,1,0,0,0,0,0,Китайская кухня,1500.0,33.74,3.1,55.0
132,"La Casa, ресторан",5348553838816796,"Курляндская, 35",1500.0,1,0,1,0,0,0,0,Европейская кухня; Русская кухня; Итальянская кухня,1500.0,35.37,4.7,11.0
133,"Чито Гврито, ресторан грузинской кухни",70000001033382238,"Старо-Петергофский проспект, 17",800.0,1,0,0,0,1,0,0,Грузинская кухня,800.0,34.51,3.5,70.0
134,"Тан Жен, ресторан китайской кухни",70000001029022269,"Курляндская, 48",1000.0,0,1,0,0,0,0,0,Китайская кухня,1000.0,39.65,3.4,55.0
135,"All Grain, бистро новой волны",70000001056017887,"Курляндская, 48",1500.0,0,0,0,0,0,0,0,Авторская кухня,1500.0,39.74,4.4,50.0
136,"Два Му, ресторан",5348552839978849,"Садовая улица, 94",2000.0,1,0,1,0,0,0,0,Европейская кухня; Русская кухня,2000.0,31.11,4.4,52.0
137,"Бабило, кафе",70000001086754935,"Садовая улица, 107",1000.0,1,0,0,0,1,0,0,Грузинская кухня,1000.0,33.01,4.9,41.0
138,"Поэма, ресторан",70000001070506719,"набережная канала Грибоедова, 166",600.0,1,0,0,0,0,0,0,Европейская кухня,600.0,34.16,5.0,1.0
139,"Чито Гврито, ресторан грузинской кухни",70000001082568658,"проспект Римского-Корсакова, 109-111",800.0,1,0,0,0,1,0,0,Грузинская кухня,800.0,36.62,2.0,12.0
140,"Beer House, сеть баров",70000001030923366,"Английский проспект, 39",1200.0,1,0,0,0,0,1,0,Европейская кухня,1200.0,33.46,4.3,178.0
141,"Симпозиум, ресторанный комплекс",70000001025879756,"Достоевского, 19/21 лит М",1500.0,1,0,1,0,0,0,0,Русская кухня; Авторская кухня,1500.0,32.46,4.4,26.0
142,"ПетербургЧики, бар",70000001090454554,"Разъезжая, 26-28",1500.0,1,0,1,0,0,0,0,Европейская кухня; Русская кухня; Домашняя кухня,1500.0,33.71,5.0,66.0
143,"Тройка, ресторан с шоу-программой",5348552838498185,"Загородный проспект, 27",3500.0,1,0,1,0,0,0,0,Европейская кухня; Русская кухня,3500.0,31.57,4.7,58.0
144,"Umami, ресторан паназиатской кухни",70000001059886292,"Разъезжая, 20",1100.0,0,1,0,0,0,0,0,Паназиатская кухня,1100.0,33.98,4.5,269.0
145,"Мостъ, ресторан",70000001057265860,"Садовая улица, 62",1750.0,1,0,1,0,0,0,0,Европейская кухня; Русская кухня,1750.0,29.23,3.9,15.0
146,"The Legends, ресторан",70000001080090270,"Садовая улица, 62",1500.0,0,0,0,1,0,0,0,Американская кухня; Мексиканская кухня,1500.0,29.75,4.3,101.0
147,"Мит Стар, кафе и фирменный магазин",70000001059817955,"Киевская, 5 к7",1200.0,1,0,1,0,0,0,0,Европейская кухня; Русская кухня,1200.0,1.81,4.8,38.0
148,"Брынза, чебуречная",5348552838550301,"Московский проспект, 86",700.0,1,1,0,0,0,0,0,Европейская кухня; Восточная кухня,700.0,3.19,4.1,123.0
149,"Важная рыба, суши-бар",70000001059478559,"Парфёновская, 7 к1 ст1",1000.0,0,1,0,0,0,0,0,Японская кухня,1000.0,8.26,3.5,110.0
150,"Дед Хо, бистро паназиатского стритфуда",70000001080261952,"Парфёновская, 7 к1 ст1",500.0,0,1,0,0,0,0,0,Тайская кухня; Паназиатская кухня; Азиатская кухня,500.0,8.27,4.6,54.0
151,"Амбар, кафе",70000001032915108,"Киевская, 9",250.0,0,0,0,0,0,0,0,Домашняя кухня,250.0,8.32,5.0,6.0
152,"Memo, кафе",70000001017417702,"Малая Митрофаньевская, 4Б",700.0,1,0,1,0,0,0,0,Европейская кухня; Русская кухня,700.0,8.53,4.4,42.0
153,"Чинар, кафе восточной кухни",5348552838531165,"набережная Обводного канала, 96",300.0,0,1,0,0,0,0,0,Восточная кухня; Узбекская кухня,300.0,8.98,4.2,36.0
154,"Melissa cafe, кафе-столовая",70000001025347011,"Московский проспект, 91",300.0,0,0,0,0,0,0,0,Домашняя кухня,300.0,9.23,4.4,13.0
155,"Хачапурная на Обводном, кафе",70000001045498029,"набережная Обводного канала, 108",400.0,1,0,0,0,1,0,0,Грузинская кухня,400.0,10.55,4.6,73.0
156,"Кебаб , кафе",70000001069573655,"Малая Митрофаньевская, 8 к1",300.0,0,1,0,0,0,0,0,Восточная кухня; Узбекская кухня,300.0,11.03,3.3,17.0
157,"Forrest, кафе",5348553838492314,"Лиговский проспект, 270 лит З",1000.0,1,1,0,0,1,0,0,Европейская кухня; Восточная кухня; Азербайджанская кухня; Грузинская кухня,1000.0,11.43,4.2,50.0
158,"Хачапурная, кафе",70000001083807967,"Малая Митрофаньевская, 5 к1 ст1",700.0,1,0,0,0,1,0,0,Грузинская кухня,700.0,12.37,4.8,11.0
159,"Фабрика кебаб, бистро",70000001039218572,"Московский проспект, 57",350.0,0,1,0,0,0,0,0,Восточная кухня,350.0,12.45,3.5,74.0
160,"Пита Питер, кафе греческой кухни",70000001066228306,"набережная Обводного канала, 118 лит С",500.0,1,0,0,0,0,0,0,Греческая кухня,500.0,12.51,3.7,18.0
161,"Bổ cafe, вьетнамское кафе",70000001066729717,"набережная Обводного канала, 118 лит С",490.0,0,1,0,0,0,0,0,Вьетнамская кухня,490.0,12.63,4.5,40.0
162,"Кебаб , кафе",70000001065991146,"Лиговский проспект, 271",300.0,0,1,0,0,0,0,0,Восточная кухня,300.0,13.07,3.0,44.0
163,Тихий sushi lab,70000001082844247,"набережная Обводного канала, 118 лит С",850.0,0,1,0,0,0,0,0,Японская кухня,850.0,13.16,3.4,11.0
164,"Chang express, служба доставки готовых блюд",70000001083878924,"набережная Обводного канала, 118 лит С",650.0,0,1,0,0,0,0,0,Азиатская кухня,650.0,13.21,4.0,36.0
165,"21 Верста, гранд-кафе",5348552838481134,"Московский проспект, 47",800.0,1,0,0,0,0,0,0,Сербская кухня,800.0,14.03,4.5,46.0
166,"Добрые Хинкали , кафе",70000001095407352,"7-я Красноармейская улица, 5",500.0,1,0,0,0,1,0,0,Грузинская кухня,500.0,14.34,5.0,2.0
167,"Sports` bar 84, спортбар",70000001020386076,"Батайский переулок, 3а",1500.0,1,0,0,0,0,0,0,Европейская кухня,1500.0,15.9,4.4,16.0
168,"Светлая пекарня, кафе",70000001047305479,"Верейская, 35",250.0,1,0,1,0,0,0,0,Домашняя кухня; Русская кухня,250.0,16.13,4.7,103.0
169,"Terra coffee, кофейня-пиццерия",70000001058642683,"7-я Красноармейская улица, 9",500.0,1,0,0,0,0,0,0,Европейская кухня; Итальянская кухня,500.0,14.6,4.5,72.0
170,"Кериа, кафе грузинской кухни",70000001053597443,"Клинский проспект, 22",750.0,1,0,0,0,1,0,0,Европейская кухня; Грузинская кухня,750.0,17.27,4.8,80.0
171,"Островский, гастробар",70000001030562662,"Клинский проспект, 17",500.0,1,0,1,1,0,0,0,Американская кухня; Еврейская кухня,500.0,17.83,4.2,77.0
172,"Italian pizza bar, траттория",5348552838652561,"3-я Красноармейская улица, 2",700.0,1,0,0,0,0,0,0,Итальянская кухня,700.0,17.58,4.2,81.0
173,"У Юли, кафе",70000001034059628,"Малодетскосельский проспект, 1",300.0,1,0,1,0,0,0,0,Европейская кухня; Русская кухня,300.0,17.72,4.5,32.0
174,"У Толстого, кафе",70000001062430780,"Бронницкая, 10",1500.0,1,0,0,0,1,0,0,Европейская кухня; Грузинская кухня,1500.0,19.06,4.7,37.0
175,"Husky bar, кафе-бар",5348553838578897,"4-я Красноармейская улица, 12",700.0,1,0,0,1,0,0,0,Американская кухня; Европейская кухня,700.0,17.36,4.3,96.0
176,"Трактир на Бронницкой, кафе",5348552838581042,"Бронницкая, 7",1500.0,1,0,1,0,0,0,0,Русская кухня,1500.0,19.19,4.2,56.0
177,"Техноложка, кафе",70000001047033706,"Московский проспект, 30",350.0,0,0,0,0,0,0,0,Домашняя кухня,350.0,18.98,3.1,35.0
178,"Бараш, кафе грузинской кухни",70000001096326461,"3-я Красноармейская улица, 8",890.0,1,0,0,0,1,0,0,Грузинская кухня,890.0,18.1,5.0,7.0
179,"Экмек, кафе",70000001078763518,"Бронницкая, 5",300.0,0,1,0,0,0,0,0,Восточная кухня,300.0,19.5,4.0,11.0
180,"Lucky пицца, пиццерия",5348552838696292,"2-я Красноармейская улица, 3а",800.0,1,1,0,0,0,0,0,Японская кухня; Итальянская кухня,800.0,18.95,4.3,146.0
181,"Штолле, кафе-пироговая",70000001017888666,"1-я Красноармейская улица, 4",700.0,1,0,1,0,0,0,0,Русская кухня,700.0,19.59,4.2,51.0
182,"Салам, кафе",70000001055011051,"7-я Красноармейская улица, 28-30",1000.0,0,1,0,0,0,0,0,Восточная кухня,1000.0,16.31,4.3,38.0
183,"Трактир на Боровой, кафе",5348552838593174,"Боровая, 59-61",450.0,0,0,0,0,0,0,0,Домашняя кухня,450.0,14.77,4.8,50.0
184,"Танин рест, кафе",70000001095387534,"набережная реки Фонтанки, 109",1000.0,1,0,1,0,0,0,0,Европейская кухня; Русская кухня,1000.0,28.34,5.0,1.0
185,"Брынза, чебуречная",5348552841296777,"Гороховая, 79",700.0,1,0,0,0,1,0,0,Европейская кухня; Кавказская кухня,700.0,27.42,4.4,284.0
186,"Sektor, гастробар",70000001088303991,"набережная реки Фонтанки, 109",1200.0,1,0,1,0,0,0,0,Европейская кухня; Русская кухня; Белорусская кухня,1200.0,28.4,5.0,67.0
187,"Старик Хинкалыч, кафе",70000001065449256,"набережная реки Фонтанки, 109",500.0,1,0,0,0,1,0,0,Кавказская кухня; Грузинская кухня,500.0,28.41,4.3,227.0
188,"Пироговый дворик, кафе-пекарня",70000001056089652,"Загородный проспект, 39",349.0,1,0,1,0,0,0,0,Домашняя кухня; Русская кухня,349.0,27.68,3.9,114.0
189,"Пойнт 67, кафе",70000001081831581,"Гороховая, 67 лит А",350.0,1,0,0,0,0,0,0,Европейская кухня,350.0,28.75,5.0,8.0
190,"Восточный двор, чайхона",70000001027853326,"Московский проспект, 10-12 лит Б",300.0,0,1,0,0,0,0,0,Восточная кухня; Халяльная кухня,300.0,28.94,4.6,13.0
191,"Огурцы, инклюзивное кафе",70000001040783720,"набережная реки Фонтанки, 96",650.0,0,0,0,0,0,0,1,Веганская кухня; Вегетарианская кухня,650.0,29.75,4.8,226.0
192,"Оши зафар, чайхана",70000001039877809,"Московский проспект, 10-12 к2",500.0,0,1,0,0,0,0,0,Восточная кухня,500.0,29.43,3.7,3.0
193,"Оранжерея, кафе",70000001020329882,"набережная реки Фонтанки, 118",500.0,1,0,1,0,0,0,0,Европейская кухня; Русская кухня,500.0,24.61,3.3,120.0
194,"ТанМен, мастерская лапши",70000001088230107,"Ефимова, 5",380.0,0,1,0,0,0,0,0,Тайская кухня,380.0,30.29,5.0,47.0
195,"Дружба, кафе быстрого питания",70000001039961990,"Московский проспект, 10-12 лит М",200.0,0,1,0,0,0,0,0,Восточная кухня; Узбекская кухня,200.0,30.0,3.0,2.0
196,"Таджикистан, чайхана",5348553839033655,"Московский проспект, 10-12",300.0,0,1,0,0,0,0,0,Восточная кухня; Узбекская кухня,300.0,30.1,3.7,17.0
197,"Халяль у Аскара, кафе",70000001021936219,"Московский проспект, 10-12",350.0,0,1,0,0,0,0,0,Восточная кухня; Халяльная кухня; Узбекская кухня,350.0,30.12,3.5,18.0
198,"Vegan pyramid, киоск фастфудной продукции",70000001034048380,"Московский проспект, 4а к1",200.0,0,0,0,0,0,0,1,Веганская кухня; Вегетарианская кухня,200.0,30.57,4.5,66.0
199,"Штолле, кафе-пироговая",70000001019786669,"Московский проспект, 105",500.0,1,0,1,0,0,0,0,Русская кухня,500.0,14.95,3.8,86.0
200,"China fashion Food, ресторан быстрого питания",70000001076217926,"Заставская, 33 лит Д",400.0,0,1,0,0,0,0,0,Тайская кухня; Китайская кухня; Азиатская кухня,400.0,15.95,4.2,37.0
201,"Брандмейстер, кафе",5348552838580695,"Заставская, 21 к1",600.0,1,1,0,0,0,0,0,Европейская кухня; Восточная кухня; Узбекская кухня,600.0,17.26,4.4,20.0
202,"Линдфорс, кафе-пироговая",70000001006975010,"Московский проспект, 128",500.0,1,0,1,0,0,0,0,Русская кухня,500.0,17.14,3.9,65.0
203,"Кебаб , кафе",70000001056939639,"Заставская, 44",300.0,0,1,0,0,0,0,0,Восточная кухня; Узбекская кухня,300.0,18.25,3.3,32.0
204,"Самарканд-сити, кафе",70000001082439296,"Московский проспект, 136 лит А2",500.0,0,1,0,0,0,0,0,Восточная кухня,500.0,19.65,3.7,3.0
205,"Коржов, пекарня-кондитерская",70000001084533800,"Заставская, 46 к1",500.0,1,0,1,0,0,0,0,Европейская кухня; Русская кухня,500.0,19.98,4.6,29.0
206,"На Цветочной, кафе",5348552838594169,"Цветочная, 25а",300.0,1,0,0,0,0,0,0,Европейская кухня,300.0,21.68,3.4,13.0
207,"Чайхана ялла, кафе",70000001040328718,"Старообрядческая, 12",300.0,0,1,0,0,0,0,0,Восточная кухня; Узбекская кухня,300.0,19.21,3.3,3.0
208,"Bar green gray, концептуальный бар",70000001051287240,"Заставская, 46 к2",900.0,1,0,0,0,0,0,0,Европейская кухня,900.0,21.67,4.9,32.0
209,"Русская кухня, кафе",70000001022571213,"Митрофаньевское шоссе, 10",360.0,1,0,1,0,0,0,0,Домашняя кухня; Русская кухня,360.0,16.42,5.0,5.0
210,"Русские традиции, кафе-бистро",5348552840513693,"Люботинский проспект, 5",285.0,1,0,0,0,0,0,0,Европейская кухня,285.0,26.93,4.2,11.0
211,"Хачапури и вино, кафе грузинской кухни",70000001080677433,"Решетникова, 12 к1",900.0,1,0,0,0,1,0,0,Грузинская кухня,900.0,29.66,3.2,46.0
212,"Bổ cafe, вьетнамское кафе",70000001064052209,"Решетникова, 12",550.0,0,1,0,0,0,0,0,Вьетнамская кухня,550.0,30.04,3.9,21.0
213,"Море, кафе",70000001060295539,"Московский проспект, 143",260.0,1,0,0,0,0,0,0,Европейская кухня,260.0,31.99,4.0,5.0
214,"Турист, кафе",70000001025217017,"Севастьянова, 3",550.0,1,0,1,0,0,0,0,Европейская кухня; Русская кухня,550.0,32.88,4.6,9.0
215,Кафе здоровых привычек,70000001044340892,"Варшавская улица, 5 к3",350.0,1,0,1,0,0,0,0,Европейская кухня; Русская кухня,350.0,30.23,3.5,7.0
216,"Лилия, кафе",5348552838541886,"Благодатная улица, 47",600.0,1,0,0,0,1,0,0,Европейская кухня; Грузинская кухня,600.0,34.86,3.6,47.0
217,"Foggy Dew, ирландский паб",5348552838574094,"Московский проспект, 182",750.0,1,0,1,0,0,1,0,Европейская кухня; Русская кухня,750.0,35.03,3.6,44.0
218,"Пастернак, кафе",70000001083456407,"Благодатная улица, 16",1000.0,1,0,1,0,1,0,0,Европейская кухня; Русская кухня; Кавказская кухня,1000.0,35.08,4.4,31.0
219,Бар вредных привычек,70000001044552723,"Благодатная улица, 35",400.0,1,0,1,0,0,0,0,Русская кухня,400.0,35.51,2.3,3.0
220,"Бустон, кафе",70000001063005841,"проспект Юрия Гагарина, 1",360.0,0,1,0,0,0,0,0,Восточная кухня,360.0,35.49,2.5,8.0
221,"Плов центр, кафе",70000001076500840,"Благодатная улица, 63/8",500.0,0,1,0,0,0,0,0,Узбекская кухня,500.0,35.67,2.7,10.0
222,"У фонтана, кафе-бар",5348552838544336,"Севастьянова, 14",500.0,1,0,1,0,0,0,0,Русская кухня,500.0,37.37,3.0,11.0
223,"Coffee232, кофейня с кухней",70000001057843654,"Лиговский проспект, 232 ст1",800.0,1,0,0,0,0,0,0,Европейская кухня,800.0,15.04,4.4,60.0
224,"Вкусно и недорого, кафе",70000001017245711,"Расстанная, 10",300.0,1,1,1,0,0,0,0,Русская кухня; Восточная кухня,300.0,17.37,4.7,108.0
225,"Чито Гврито, ресторан грузинской кухни",5348553838631816,"Лиговский проспект, 198",800.0,1,0,0,0,1,0,0,Грузинская кухня,800.0,18.57,3.5,67.0
226,"Галата, Galata bakery",70000001054711643,"Курская, 24",380.0,1,1,0,0,0,0,0,Восточная кухня; Халяльная кухня; Турецкая кухня,380.0,22.11,4.8,65.0
227,"Frau Muller, рестобар",70000001023536247,"Лиговский проспект, 183",1200.0,1,0,0,0,0,0,0,Европейская кухня; Немецкая кухня,1200.0,22.08,4.4,44.0
228,Хачапурная,5348552839797263,"Лиговский проспект, 154",1200.0,1,0,0,0,1,0,0,Грузинская кухня,1200.0,22.56,4.7,48.0
229,"Дед Хо, бистро паназиатского стритфуда",70000001033226278,"Лиговский проспект, 138",500.0,0,1,0,0,0,0,0,Азиатская кухня; Вьетнамская кухня,500.0,24.19,4.6,334.0
230,Плов house,70000001069261832,"набережная Обводного канала, 42",700.0,1,1,0,0,1,0,0,Восточная кухня; Кавказская кухня; Узбекская кухня,700.0,26.87,5.0,46.0
231,"Сурхон, кафе",70000001019194936,"улица Салова, 36",250.0,1,1,0,0,0,0,0,Европейская кухня; Узбекская кухня,250.0,36.86,4.0,11.0
232,"Звезда востока, кафе-бистро",70000001035773738,"улица Салова, 36",350.0,0,1,0,0,0,0,0,Восточная кухня,350.0,37.51,4.0,4.0
233,"Эспланада, кафе",70000001007200566,"Лиговский проспект, 130",350.0,1,0,1,0,0,0,0,Европейская кухня; Русская кухня,350.0,25.38,2.6,7.0
234,"Я люблю кофе, кофейня",70000001031979766,"Лиговский проспект, 147",700.0,1,0,1,0,0,0,0,Европейская кухня; Русская кухня,700.0,26.24,4.8,109.0
235,"Сам пришёл, кафе грузинский кухни",70000001063216057,"Боровая, 42",700.0,1,0,0,0,1,0,0,Грузинская кухня,700.0,22.73,4.6,38.0
236,Кафе,70000001054954829,"Стрельбищенская, 16",400.0,0,1,0,0,0,0,0,Узбекская кухня,400.0,31.27,4.0,3.0
237,"235, бар",70000001059088445,"Лиговский проспект, 139",800.0,1,0,1,0,0,0,0,Европейская кухня; Русская кухня,800.0,27.67,4.4,32.0
238,"Оптимист, кофейня",70000001045273013,"улица Черняховского, 25",500.0,1,0,0,0,0,0,0,Европейская кухня,500.0,30.96,4.5,106.0
239,"Гильдия, паб",5348552838480700,"набережная Обводного канала, 120",800.0,1,0,0,0,0,0,0,Европейская кухня,800.0,18.23,4.3,78.0
240,"The Plaсe, ресторан-клуб",5348552838665541,"улица Маршала Говорова, 47",2000.0,1,1,0,0,0,0,0,Европейская кухня; Азиатская кухня,2000.0,23.02,4.2,70.0
241,"Кебаб , кафе",70000001075766715,"11-я Красноармейская улица, 2",200.0,0,1,0,0,0,0,0,Узбекская кухня,200.0,17.75,3.6,48.0
242,"Золотая рыбка, кафе быстрого питания",5348552840697626,"набережная Обводного канала, 132",200.0,0,1,0,0,0,0,0,Восточная кухня,200.0,23.69,3.1,24.0
243,"La`gom, кафе",70000001045834745,"Ивана Черных, 10Б",1200.0,1,0,0,0,1,0,0,Грузинская кухня,1200.0,29.18,4.4,48.0
244,"Уни, кафе",70000001063161960,"Ивана Черных, 4",250.0,0,1,0,0,0,0,0,Халяльная кухня,250.0,31.34,3.7,3.0
245,"Кебаб , кафе",70000001066965974,"Старо-Петергофский проспект, 35Б",300.0,0,1,0,0,0,0,0,Восточная кухня,300.0,31.14,3.6,23.0
246,"Азия плов, кафе",70000001094677241,"Старо-Петергофский проспект, 37",700.0,0,1,0,0,0,0,0,Восточная кухня,700.0,31.6,5.0,2.0
247,"Вальтер, кафе",70000001027751358,"Старо-Петергофский проспект, 37",800.0,1,0,1,0,0,0,0,Европейская кухня; Русская кухня,800.0,31.69,4.2,21.0
248,"Сомони, кафе плова халяль",70000001065294714,"Старо-Петергофский проспект, 41",600.0,0,1,0,0,0,0,0,Восточная кухня,600.0,32.18,4.6,41.0
249,"Чердак, кафе",5348552838575147,"Старо-Петергофский проспект, 54",1000.0,1,0,0,0,0,0,0,Домашняя кухня; Европейская кухня,1000.0,32.54,4.7,79.0
250,"Пироговый дворик, кафе-пекарня",5348552840819024,"Старо-Петергофский проспект, 43-45",249.0,1,0,1,0,0,0,0,Домашняя кухня; Русская кухня,249.0,32.63,4.1,103.0
251,"Сурхон, кафе",70000001007382950,"Нарвский проспект, 18",500.0,0,1,0,0,0,0,0,Восточная кухня; Узбекская кухня,500.0,33.32,3.6,20.0
252,"Vittoria, траттория",70000001028594079,"Нарвский проспект, 24",1200.0,1,0,0,0,0,0,0,Европейская кухня; Итальянская кухня,1200.0,33.54,3.9,23.0
253,"Хачапури&Хинкали, кафе грузинской кухни",70000001067315972,"Нарвский проспект, 29",400.0,1,0,0,0,1,0,0,Грузинская кухня,400.0,33.83,3.6,22.0
254,"Мармариса, кафе-бистро",70000001048169697,"Нарвский проспект, 31",300.0,0,1,0,0,0,0,0,Восточная кухня,300.0,33.86,4.5,188.0
255,"Райхан, кафе узбекской кухни",70000001023572179,"Нарвский проспект, 9 к2",500.0,0,1,0,0,0,0,0,Узбекская кухня,500.0,33.65,4.1,23.0
256,"Теремок, ресторан домашней кухни",70000001032233859,"площадь Стачек, 9",350.0,1,0,1,0,0,0,0,Русская кухня,350.0,34.21,4.1,154.0
257,"Кебаб , кафе",70000001078937308,"Боровая, 34/24",350.0,0,1,0,0,0,0,0,Восточная кухня,350.0,25.54,2.6,9.0
258,"Аль-Шарк, кафе",5348552838520467,"улица Марата, 86",450.0,1,1,1,0,0,0,0,Русская кухня; Восточная кухня,450.0,24.56,3.6,98.0
259,"Подкова, кафе",5348552838562056,"Звенигородская улица, 22",2000.0,1,0,0,0,0,1,0,Европейская кухня,2000.0,25.37,3.9,16.0
260,"Trans-Force, интерактивный театр-кафе",70000001035379666,"улица Марата, 86",800.0,1,0,0,0,1,1,0,Европейская кухня; Кавказская кухня,800.0,24.94,3.8,53.0
261,"Бухта, семейное кафе",70000001051333655,"улица Марата, 86",600.0,1,0,0,0,1,0,0,Грузинская кухня,600.0,24.93,4.1,222.0
262,"Чито Гврито, кафе грузинской кухни",70000001035177395,"Лиговский проспект, 133",700.0,1,0,0,0,1,0,0,Грузинская кухня,700.0,28.32,3.6,45.0
263,"Бородино, кафе",5348552838525436,"Лермонтовский проспект, 50",900.0,1,0,0,0,0,0,0,Европейская кухня,900.0,22.59,3.2,56.0
264,"Кебаб , кафе",70000001068075461,"Лермонтовский проспект, 50",300.0,0,1,0,0,0,0,0,Узбекская кухня,300.0,22.8,2.9,26.0
265,"Кебаб , кафе",70000001057506898,"Рижский проспект, 4-6",350.0,0,1,0,0,0,0,0,Восточная кухня; Узбекская кухня,350.0,24.32,3.2,92.0
266,"Бездна, бар",70000001093771754,"Рижский проспект, 12",600.0,1,0,0,0,0,0,0,Европейская кухня,600.0,25.33,4.9,15.0
267,"Ода, кафе грузинской кухни",70000001025916617,"Измайловский проспект, 5",1100.0,1,0,0,0,1,0,0,Грузинская кухня,1100.0,23.95,4.3,68.0
